<?xml version="1.0" encoding="UTF-8"?>
<project-private xmlns="http://www.netbeans.org/ns/project-private/1">
    <editor-bookmarks xmlns="http://www.netbeans.org/ns/editor-bookmarks/2" lastBookmarkId="0"/>
    <open-files xmlns="http://www.netbeans.org/ns/projectui-open-files/2">
        <group>
            <file>file:/D:/Login/java-ui-dashboard-002-main/Part%203/ui-dashboard-002/src/com/raven/chart/ChartLine1.java</file>
            <file>file:/D:/Login/java-ui-dashboard-002-main/Part%203/ui-dashboard-002/src/com/raven/datechooser2/DateChooser.java</file>
            <file>file:/D:/Login/java-ui-dashboard-002-main/Part%203/ui-dashboard-002/src/com/raven/component/Ticket2.java</file>
            <file>file:/D:/Login/java-ui-dashboard-002-main/Part%203/ui-dashboard-002/src/com/raven/datechooser2/Event.java</file>
            <file>file:/D:/Login/java-ui-dashboard-002-main/Part%203/ui-dashboard-002/src/com/raven/model/Model_Profile2.java</file>
            <file>file:/D:/Login/java-ui-dashboard-002-main/Part%203/ui-dashboard-002/src/com/raven/component/ItemImage2.java</file>
            <file>file:/D:/Login/java-ui-dashboard-002-main/Part%203/ui-dashboard-002/src/com/raven/datechooser2/Dates.java</file>
            <file>file:/D:/Login/java-ui-dashboard-002-main/Part%203/ui-dashboard-002/src/com/raven/component/CheckTicket2.java</file>
            <file>file:/D:/Login/java-ui-dashboard-002-main/Part%203/ui-dashboard-002/src/com/raven/component/Ticket22.java</file>
            <file>file:/D:/Login/java-ui-dashboard-002-main/Part%203/ui-dashboard-002/src/com/raven/component/MenuLayout.java</file>
            <file>file:/D:/Login/java-ui-dashboard-002-main/Part%203/ui-dashboard-002/src/com/raven/form/Form_1.java</file>
            <file>file:/D:/Login/java-ui-dashboard-002-main/Part%203/ui-dashboard-002/src/com/raven/model/Model_Popular2.java</file>
            <file>file:/D:/Login/java-ui-dashboard-002-main/Part%203/ui-dashboard-002/src/com/raven/component/MostPopular2.java</file>
            <file>file:/D:/Login/java-ui-dashboard-002-main/Part%203/ui-dashboard-002/src/com/raven/form/Form_2.java</file>
            <file>file:/D:/Login/java-ui-dashboard-002-main/Part%203/ui-dashboard-002/src/com/raven/model/Model_Ticket2.java</file>
            <file>file:/D:/Login/java-ui-dashboard-002-main/Part%203/ui-dashboard-002/src/com/raven/datechooser2/Months.java</file>
            <file>file:/D:/Login/java-ui-dashboard-002-main/Part%203/ui-dashboard-002/src/com/raven/model/Model_Movie1.java</file>
            <file>file:/D:/Login/java-ui-dashboard-002-main/Part%203/ui-dashboard-002/src/com/raven/component/Movie2.java</file>
        </group>
    </open-files>
</project-private>
